player_id,player_name,bat_style,bowl_style,field_pos,player_full_name,bat_hand,bowl_type,bowl_arm
963,MN Samuels,Right hand Bat,Right arm Offbreak, ,Marlon Nathaniel Samuels,Right,Spin,Right
53,SB Jakati,Left hand Bat,Slow Left arm Orthodox, ,Shadab Bashir Jakati,Left,Spin,Left
12,DA Warner,Left hand Bat,Legbreak, ,David Andrew Warner,Left,Spin,Right
268,RA Tripathi,Right hand Bat,Right arm Medium, ,Rahul Ajay Tripathi,Right,Pace,Right
186,S Nadeem,Right hand Bat,Slow Left arm Orthodox, ,Shahbaz Nadeem,Right,Spin,Left
59,MK Pandey,Right hand Bat,Right arm Medium, ,Manish Krishnanand Pandey,Right,Pace,Right
531,KS Williamson,Right hand Bat,Right arm Offbreak, ,Kane Stuart Williamson,Right,Spin,Right
56,G Gambhir,Left hand Bat,Legbreak, ,Gautam Gambhir,Left,Spin,Right
39,MK Tiwary,Right hand Bat,Legbreak Googly, ,Manoj Kumar Tiwary,Right,Spin,Right
68,M Vohra,Right hand Bat,Right arm Medium, ,Manan Vohra,Right,Pace,Right
638,NB Singh,Right hand Bat,Right arm Medium, ,Nathu Bharat Singh,Right,Pace,Right
40,R Bhatia,Right hand Bat,Right arm Medium fast, ,Rajat Bhatia,Right,Pace,Right
1233,SS Tiwary,Left hand Bat, , ,Saurabh Sunil Tiwary,Left,Unknown,Right
1396,MA Wood,Right hand Bat,Right arm Fast, ,Mark Andrew Wood,Right,Pace,Right
47,SK Raina,Left hand Bat,Right arm Offbreak, ,Suresh Kumar Raina,Left,Spin,Right
1242,R Vinay Kumar,Right hand Bat,Right arm Medium, ,Ranganath Vinay Kumar,Right,Pace,Right
541,SE Marsh,Left hand Bat,Slow Left arm Orthodox, ,Shaun Edward Marsh,Left,Spin,Left
6,Sachin Baby,Left hand Bat,Right arm Offbreak, ,Sachin Baby,Left,Spin,Right
525,J Yadav,Right hand Bat,Right arm Offbreak, ,Jayant Yadav,Right,Spin,Right
63,PP Chawla,Left hand Bat,Legbreak, ,Piyush Pramod Chawla,Left,Spin,Right
36,SPD Smith,Right hand Bat,Legbreak Googly, ,Steven Peter Devereux Smith,Right,Spin,Right
55,S Kaushik,Right hand Bat,Left arm Wrist spin, ,Shivil Kaushik,Right,Unknown,Left
52,P Kumar,Right hand Bat,Right arm Medium, ,Praveenkumar Sakat Singh,Right,Pace,Right
1429,K Khejroliya,Left hand Bat,Left arm Medium fast, ,Kulwant Khejroliya,Left,Pace,Left
32,MJ McClenaghan,Left hand Bat,Left arm Fast medium, ,Mitchell John McClenaghan,Left,Pace,Left
457,AD Mathews,Right hand Bat,Right arm Medium, ,Angelo Davis Mathews,Right,Pace,Right
45,JJ Roy,Right hand Bat, , ,Jason Jonathan Roy,Right,Unknown,Right
43,AB Dinda,Right hand Bat,Right arm Medium fast, ,Ashok Bhimchandra Dinda,Right,Pace,Right
579,Shakib Al Hasan,Left hand Bat,Slow Left arm Orthodox, ,Shakib Al Hasan,Left,Spin,Left
1448,K Gowtham,Right hand Bat,Right arm Offbreak, ,Krishnappa Gowtham,Right,Spin,Right
60,YK Pathan,Right hand Bat,Right arm Offbreak, ,Yusuf Khan Pathan,Right,Spin,Right
7,STR Binny,Right hand Bat,Right arm Medium, ,Stuart Terence Roger Binny,Right,Pace,Right
173,Iqbal Abdulla,Left hand Bat,Slow Left arm Orthodox, ,Sayed Iqbal Abdulla,Left,Spin,Left
15,Yuvraj Singh,Left hand Bat,Slow Left arm Orthodox, ,Yuvraj Singh,Left,Spin,Left
74,Swapnil Singh,Right hand Bat,Slow Left arm Orthodox, ,Swapnil Singh,Right,Spin,Left
760,MJ Guptill,Right hand Bat,Right arm Offbreak, ,Martin James Guptill,Right,Spin,Right
182,CH Morris,Right hand Bat,Right arm Fast medium, ,Christopher Henry Morris,Right,Pace,Right
1449,S Gopal,Right hand Bat,Legbreak, ,Shreyas Gopal,Right,Spin,Right
405,KC Cariappa,Right hand Bat,Legbreak, ,Konganda Charamanna Cariappa,Right,Spin,Right
196,Basil Thampi,Right hand Bat,Right arm Fast medium, ,Basil Thampi,Right,Pace,Right
744,AR Bawne,Right hand Bat,Right arm Offbreak, ,Ankit Ramdas Bawne,Right,Spin,Right
676,KV Sharma,Left hand Bat,Legbreak Googly, ,Karn Vinod Sharma,Left,Spin,Right
171,Vishnu Vinod,Right hand Bat, ,Wicketkeeper,Vishnu Vinod,Right,Unknown,Right
448,AF Milne,Right hand Bat,Right arm Fast, ,Adam Fraser Milne,Right,Pace,Right
359,Ankit Sharma,Left hand Bat,Slow Left arm Orthodox, ,Ankit Nagendra Sharma,Left,Spin,Left
187,Z Khan,Right hand Bat,Left arm Fast medium, ,Zaheer Khan,Right,Pace,Left
185,A Mishra,Right hand Bat,Legbreak, ,Amit Mishra,Right,Spin,Right
726,Ankit Soni,Right hand Bat,Legbreak, ,Ankit Soni,Right,Spin,Right
197,Tejas Baroka,Right hand Bat,Legbreak Googly, ,Tejas Baroka,Right,Spin,Right
5,SR Watson,Right hand Bat,Right arm Fast medium, ,Shane Robert Watson,Right,Pace,Right
351,AJ Tye,Right hand Bat,Right arm Medium fast, ,Andrew James Tye,Right,Pace,Right
1393,DJ Bravo,Right hand Bat,Right arm Medium, ,Dwayne John Bravo,Right,Pace,Right
177,AP Tare,Right hand Bat, ,Wicketkeeper,Aditya Prakash Tare,Right,Unknown,Right
7539,B Indrajith,Right hand Bat,Legbreak Googly, ,Baba Indrajith,Right,Spin,Right
4063,T Banton,Right hand Bat, ,Wicketkeeper,Tom Banton,Right,Unknown,Right
6115,K Yadav,Left hand Bat,Left arm Fast medium, ,Kuldip Yadav,Left,Pace,Left
8321,Rahmanullah Gurbaz,Right hand Bat, ,Wicketkeeper,Rahmanullah Gurbaz,Right,Unknown,Right
1285,HV Patel,Right hand Bat,Right arm Medium, ,Harshal Vikram Patel,Right,Pace,Right
3649,AS Roy,Left hand Bat,Slow Left arm Orthodox, ,Anukul Sudhakar Roy,Left,Spin,Left
332,V Kohli,Right hand Bat,Right arm Medium, ,Virat Kohli,Right,Pace,Right
73,MP Stoinis,Right hand Bat,Right arm Medium, ,Marcus Peter Stoinis,Right,Pace,Right
163,RD Chahar,Right hand Bat,Legbreak Googly, ,Rahul Desraj Chahar,Right,Spin,Right
30,HH Pandya,Right hand Bat,Right arm Medium fast, ,Hardik Himanshu Pandya,Right,Pace,Right
65,SP Narine,Left hand Bat,Right arm Offbreak, ,Sunil Philip Narine,Left,Spin,Right
361,LH Ferguson,Right hand Bat,Right arm Fast, ,Lachlan Hammond Ferguson,Right,Pace,Right
1119,R Tewatia,Left hand Bat,Legbreak, ,Rahul Tewatia,Left,Spin,Right
20,B Kumar,Right hand Bat,Right arm Medium, ,Bhuvneshwar Kumar Singh,Right,Pace,Right
22,Rashid Khan,Right hand Bat,Legbreak Googly, ,Rashid Khan Arman,Right,Spin,Right
1424,SN Khan,Right hand Bat,Legbreak, ,Sarfaraz Naushad Khan,Right,Spin,Right
6761,R Shepherd,Right hand Bat,Right arm Fast medium, ,Romario Shepherd,Right,Pace,Right
4960,MR Marsh,Right hand Bat,Right arm Medium, ,Mitchell Ross Marsh,Right,Pace,Right
70,AR Patel,Left hand Bat,Slow Left arm Orthodox, ,Axar Rajeshbhai Patel,Left,Spin,Left
590,K Rabada,Left hand Bat,Right arm Fast, ,Kagiso Rabada,Left,Pace,Right
72,DA Miller,Left hand Bat,Right arm Offbreak, ,David Andrew Miller,Left,Spin,Right
41,DL Chahar,Right hand Bat,Right arm Medium, ,Deepak Lokandersingh Chahar,Right,Pace,Right
6730,Mohsin Khan,Left hand Bat,Left arm Medium fast,,Mohsin Khan,Left,Pace,Left
460,Mohammed Shami,Right hand Bat,Right arm Fast, ,Mohammed Shami Ahmed,Right,Pace,Right
1286,Avesh Khan,Right hand Bat,Right arm Fast medium, ,Avesh Khan,Right,Pace,Right
28,KH Pandya,Left hand Bat,Slow Left arm Orthodox, ,Krunal Himanshu Pandya,Left,Spin,Left
347,Ishan Kishan,Left hand Bat, ,Wicketkeeper,Ishan Pranav Kumar Pandey Kishan,Left,Unknown,Right
7751,SA Abbott,Right hand Bat,Right arm Fast medium, ,Sean Anthony Abbott,Right,Pace,Right
7302,OC McCoy,Left hand Bat,Left arm Fast medium, ,Obed  Christopher McCoy,Left,Pace,Left
4970,P Dubey,Right hand Bat,Legbreak Googly, ,Praveen Dubey,Right,Spin,Right
3451,DW Steyn,Right hand Bat,Right arm Fast, ,Dale Willem Steyn,Right,Pace,Right
5411,RP Meredith,Right hand Bat,Right arm Fast, ,Riley Patrick Meredith,Right,Pace,Right
7895,R Sai Kishore,Left hand Bat,Slow Left arm Orthodox, ,Ravisrinivasan Sai Kishore,Left,Spin,Left
1805,RK Bhui,Right hand Bat,Legbreak Googly, ,Ricky Kannakumar Bhui,Right,Spin,Right
6710,Akash Deep,Right hand Bat,Right arm Fast medium, ,Akash Deep,Right,Pace,Right
5976,KS Bharat,Right hand Bat, ,Wicketkeeper,Kona Srikar Bharat,Right,Unknown,Right
6739,A Manohar,Right hand Bat,Legbreak Googly, ,Abhinav Manohar,Right,Spin,Right
7843,Fazalhaq Farooqi,Right hand Bat,Left arm Fast medium, ,Fazalhaq Farooqi,Right,Pace,Left
7083,KR Sen,Right hand Bat,Right arm Fast, ,Kuldeep Rampal Sen,Right,Pace,Right
5629,FA Allen,Right hand Bat,Slow Left arm Orthodox, ,Fabian Anthony Allen,Right,Spin,Left
5935,Anuj Rawat,Left hand Bat, , ,Anuj Rawat,Left,Unknown,Right
7017,M Theekshana,Right hand Bat,Right arm Offbreak, ,Morawakage Maheesh Theekshana,Right,Spin,Right
2142,DJ Willey,Left hand Bat,Left arm Fast medium, ,David Jonathan Willey,Left,Pace,Left
1849,PP Shaw,Right hand Bat,Right arm Offbreak, ,Prithvi Pankaj Shaw,Right,Spin,Right
6017,Umran Malik,Right hand Bat,Right arm Fast, ,Umran Malik,Right,Pace,Right
2295,SP Goswami,Left hand Bat, ,Wicketkeeper,Shreevats Pratyush Goswami,Left,Unknown,Right
3156,HF Gurney,Right hand Bat,Left arm Fast medium, ,Harry Frederick Gurney,Right,Pace,Left
2743,CA Ingram,Left hand Bat,Legbreak,Wicketkeeper,Colin Alexander Ingram,Left,Spin,Right
3214,SD Lad,Right hand Bat,Right arm Offbreak, ,Siddhesh Dinesh Lad,Right,Spin,Right
8305,J Little,Right hand Bat,Left arm Fast medium, ,Joshua Brian Little,Right,Pace,Left
8007,M Pathirana,Right hand Bat,Right arm Fast, ,Matheesha Pathirana,Right,Pace,Right
3145,S Midhun,Right hand Bat,Legbreak Googly, ,Sudhesan Midhun,Right,Spin,Right
2353,CJ Dala,Right hand Bat,Right arm Medium, ,Carl Junior Dala,Right,Pace,Right
4097,PK Garg,Right hand Bat,Right arm Medium, ,Priyam K Garg,Right,Pace,Right
7192,Aman Hakim Khan,Right hand Bat,Right arm Medium, ,Aman Hakim Khan,Right,Pace,Right
6734,MS Wade,Left hand Bat,Right arm Medium,Wicketkeeper,Matthew Scott Wade,Left,Pace,Right
4134,KL Nagarkoti,Right hand Bat,Right arm Fast, ,Kamlesh Lachham Nagarkoti,Right,Pace,Right
4320,DR Sams,Right hand Bat,Left arm Fast medium, ,Daniel Richard Sams,Right,Pace,Left
7496,DJ Mitchell,Right hand Bat,Right arm Medium, ,Daryl Joseph Mitchell,Right,Pace,Right
5422,C Sakariya,Left hand Bat,Left arm Medium fast, ,Chetan Sakariya,Left,Pace,Left
2352,S Lamichhane,Right hand Bat,Legbreak Googly, ,Sandeep Lamichhane,Right,Spin,Right
2910,GH Vihari,Right hand Bat,Right arm Offbreak, ,Gade Hanuma Vihari,Right,Spin,Right
8349,RR Rossouw,Left hand Bat,Right arm Offbreak, ,Rilee Roscoe Rossouw,Left,Spin,Right
8333,KR Mayers,Left hand Bat,Right arm Medium, ,Kyle Rico Mayers,Left,Pace,Right
5573,LI Meriwala,Left hand Bat,Left arm Fast medium, ,Lukman Iqbal Meriwala,Left,Pace,Left
2894,NS Naik,Right hand Bat, ,Wicketkeeper,Nikhil Shankar Naik,Right,Unknown,Right
8191,PN Mankad,Right hand Bat,Right arm Medium, ,Prerak Nileshkumar Mankad,Right,Pace,Right
7621,K Kartikeya,Right hand Bat,"Slow Left arm Orthodox, Left arm Wrist spin", ,Kumar Kartikeya Singh,Right,Spin,Left
6520,AU Rashid,Right hand Bat,Legbreak, ,Adil Usman Rashid,Right,Spin,Right
6519,IC Porel,Right hand Bat,Right arm Medium, ,Ishan Chandranath Porel,Right,Pace,Right
5526,Virat Singh,Left hand Bat,Legbreak Googly, ,Virat Binod Singh,Left,Spin,Right
5181,Monu Kumar,Right hand Bat,Right arm Medium, ,Monu Kumar Singh,Right,Pace,Right
10159,SH Johnson,Left hand Bat,Left arm Fast,,Spencer Johnson,Left,Pace,Left
11192,AA Kulkarni,Right hand Bat,Right arm Medium,,Arshin Kulkarni,Right,Pace,Right
10169,SZ Mulani,Left hand Bat,Slow Left arm Orthodox,,Shams Mulani,Left,Spin,Left
11212,RJ Gleeson,Right hand Bat,Right arm Fast Medium,,Richard Gleeson,Right,Pace,Right
11429,V Kaverappa,Right hand Bat,Right arm Fast medium,,Vidhwath Kaverappa,Right,Pace,Right
10232,KT Maphaka,Left hand Bat,Left arm Fast,,Kwena Maphaka,Left,Pace,Left
8808,D Jansen,Right hand Bat,Left arm Fast,,Duan Jansen,Right,Pace,Left
10065,R Ravindra,Left hand Bat,Slow Left arm Orthodox,,Rachin Ravindra,Left,Spin,Left
10083,Sumit Kumar,Right hand Bat,Right arm Medium fast,,Sumit Kumar,Right,Pace,Right
10488,Saurav Chauhan,Left hand Bat,Right arm Offbreak,,Saurav Chauhan,Left,Spin,Right
6729,PVD Chameera,Right hand Bat,Right arm Fast, ,Pathira Vasan Dushmantha Chameera,Right,Pace,Right
10135,N Burger,Left hand Bat,Left arm Fast medium,,Nandre Burger,Left,Pace,Left
6798,Mukesh Choudhary,Left hand Bat,Left arm Medium, ,Mukesh Choudhary,Left,Pace,Left
6681,Tilak Varma,Left hand Bat,Right arm Offbreak, ,Namboori Thakur Tilak Varma,Left,Spin,Right
8355,Mukesh Kumar,Right hand Bat,Right arm Medium, ,Mukesh Kumar,Right,Pace,Right
4104,YBK Jaiswal,Left hand Bat,Legbreak, ,Yashasvi Bhupendra Kumar Jaiswal,Left,Spin,Right
11366,A Kamboj,Right hand Bat,Right arm Medium,,Anshul Kamboj,Right,Pace,Right
11834,Prince Yadav,Right hand Bat,Right arm Fast,,Prince Yadav,Right,Pace,Right
6054,AK Markram,Right hand Bat,Right arm Offbreak, ,Aiden Kyle Markram,Right,Spin,Right
2701,S Dube,Left hand Bat,Right arm Medium, ,Shivam Dube,Left,Pace,Right
1833,JC Archer,Right hand Bat,Right arm Fast, ,Jofra Chioke Archer,Right,Pace,Right
4059,Ravi Bishnoi,Right hand Bat,Legbreak Googly, ,Ravi Bishnoi,Right,Spin,Right
1740,H Klaasen,Right hand Bat,Right arm Offbreak,Wicketkeeper,Heinrich Klaasen,Right,Spin,Right
3747,P Simran Singh,Right hand Bat, ,Wicketkeeper,Prabhsimran Singh,Right,Unknown,Right
4212,Kartik Tyagi,Right hand Bat,Right arm Fast, ,Kartik Tyagi,Right,Pace,Right
10291,A Raghuvanshi,Right hand Bat,Slow Left arm Orthodox,,Angkrish Raghuvanshi,Right,Spin,Left
4098,JO Holder,Right hand Bat,Right arm Medium fast, ,Jason Omar Holder,Right,Pace,Right
4310,Shahbaz Ahmed,Left hand Bat,Slow Left arm Orthodox, ,Shahbaz Ahmed,Left,Spin,Left
10070,Sameer Rizvi,Right hand Bat,Right arm Offbreak,,Sameer Rizvi,Right,Spin,Right
4664,JR Hazlewood,Left hand Bat,Right arm Fast medium, ,Josh Reginald Hazlewood,Left,Pace,Right
11282,MJ Suthar,Left hand Bat,Slow Left arm Orthodox,,Manav Suthar,Left,Spin,Left
5343,M Jansen,Right hand Bat,Left arm Medium fast, ,Marco Jansen,Right,Pace,Left
8389,Arshad Khan,Left hand Bat,Left arm Medium,,Arshad Khan,Left,Pace,Left
2825,CV Varun,Right hand Bat,Legbreak Googly, ,Varun Chakravarthy Vinod,Right,Spin,Right
11981,DL Vettori,Left hand Bat,Slow Left arm Orthodox, ,Daniel Luca Vettori,Left,Spin,Left
9759,Sanvir Singh,Right hand Bat,Right arm Medium, ,Sanvir Singh,Right,Pace,Right
8769,Yudhvir Singh,Right hand Bat,Right arm Medium fast, ,Yudhvir Singh Charak,Right,Pace,Right
8930,Liton Das,Right hand Bat,Right arm Offbreak,Wicketkeeper,Litton Kumer Das,Right,Spin,Right
12015,WPUJC Vaas,Left hand Bat,Left arm Fast medium, ,Warnakulasuriya Patabendige Ushantha Joseph Chaminda Vaas,Left,Pace,Left
12013,AS Yadav,Right hand Bat,Right arm Offbreak, ,Arjun Shivlal Yadav,Right,Spin,Right
12127,VRV Singh,Right hand Bat,Right arm Medium fast, ,Vikram Raj Vir Singh,Right,Pace,Right
12016,RP Singh,Right hand Bat,Left arm Fast medium, ,Rudra Pratap Singh,Right,Pace,Left
11984,GD McGrath,Right hand Bat,Right arm Fast medium, ,Glenn Donald McGrath,Right,Pace,Right
11982,MF Maharoof,Right hand Bat,Right arm Fast medium, ,Mohamed Farveez Maharoof,Right,Pace,Right
12295,HH Gibbs,Right hand Bat,Right arm Bowler, ,Herschelle Herman Gibbs,Right,Unknown,Right
11924,LR Shukla,Right hand Bat,Right arm Medium, ,Laxmi Ratan Shukla,Right,Pace,Right
9524,Vivrant Sharma,Left hand Bat,Legbreak Googly, ,Vivrant Sharma,Left,Spin,Right
8396,MG Bracewell,Left hand Bat,Right arm Offbreak,Wicketkeeper,Michael Gordon Bracewell,Left,Spin,Right
11926,AB Agarkar,Right hand Bat,Right arm Fast, ,Ajit Bhalchandra Agarkar,Right,Pace,Right
12012,SB Styris,Right hand Bat,Right arm Medium, ,Scott Bernard Styris,Right,Pace,Right
8890,Naveen-ul-Haq,Right hand Bat,Right arm Medium fast, ,Naveen-ul-Haq Murid,Right,Pace,Right
12318,BJ Hodge,Right hand Bat,Right arm Offbreak, ,Bradley John Hodge,Right,Spin,Right
11996,S Chanderpaul,Left hand Bat,Legbreak, ,Shivnarine Chanderpaul,Left,Spin,Right
11963,T Kohli,Right hand Bat,Right arm Medium, ,Taruwar Sushil Kohli,Right,Pace,Right
11954,KC Sangakkara,Left hand Bat,Right arm Offbreak,Wicketkeeper,Kumar Chokshanada Sangakkara,Left,Spin,Right
12056,Shahid Afridi,Right hand Bat,Legbreak Googly, ,Sahibzada Mohammad Shahid Khan Afridi,Right,Spin,Right
12323,Umar Gul,Right hand Bat,Right arm Fast medium, ,Umar Gul,Right,Pace,Right
11949,P Amarnath,Right hand Bat,Right arm Medium, ,Palani Amarnath,Right,Pace,Right
12121,RR Sarwan,Right hand Bat,Legbreak, ,Ramnaresh Ronnie Sarwan,Right,Spin,Right
11993,MA Khote,Right hand Bat,Right arm Medium, ,Musavir Asmat Khote,Right,Pace,Right
11933,JH Kallis,Right hand Bat,Right arm Fast medium, ,Jacques Henry Kallis,Right,Pace,Right
11983,B Geeves,Right hand Bat,Right arm Fast medium, ,Brett Geeves,Right,Pace,Right
8605,Mohit Rathee,Right hand Bat,Legbreak, ,Mohit Rathee,Right,Spin,Right
9431,R Goyal,Left hand Bat,Left arm Wrist spin, ,Raghav Goyal,Left,Unknown,Left
10707,Arshad Khan (2),Left hand Bat,Left arm Medium, ,Mohd Arshad Khan,Left,Pace,Left
11952,K Goel,Left hand Bat,Right arm Offbreak, ,Karan Goel,Left,Spin,Right
8569,SSB Magala,Right hand Bat,Right arm Fast medium, ,Sisanda Somila Bruce Magala,Right,Pace,Right
11947,S Badrinath,Right hand Bat,Right arm Offbreak, ,Subramaniam Badrinath,Right,Spin,Right
12071,VY Mahesh,Right hand Bat,Right arm Medium fast, ,Vijaykumar Yo Mahesh,Right,Pace,Right
11958,P Dharmani,Right hand Bat, ,Wicketkeeper,Pankaj Dharmani,Right,Unknown,Right
11923,Mohammad Hafeez,Right hand Bat,Right arm Offbreak, ,Mohammad Hafeez,Right,Spin,Right
11946,JDP Oram,Left hand Bat,Right arm Fast medium, ,Jacob David Philip Oram,Left,Pace,Right
12105,D Kalyankrishna,Right hand Bat,Right arm Medium fast, ,Doddapaneni Kalyankrishna,Right,Pace,Right
11986,ST Jayasuriya,Left hand Bat,Slow Left arm Orthodox, ,Sanath Teran Jayasuriya,Left,Spin,Left
11989,PR Shah,Right hand Bat, ,Wicketkeeper,Pinal Rohitbhai Shah,Right,Unknown,Right
11980,M Manhas,Right hand Bat,Right arm Offbreak,Wicketkeeper,Mithun Manhas,Right,Spin,Right
11959,B Lee,Right hand Bat,Right arm Fast, ,Brett Lee,Right,Pace,Right
11921,RT Ponting,Right hand Bat,Right arm Medium, ,Ricky Thomas Ponting,Right,Pace,Right
11922,DJ Hussey,Right hand Bat,Right arm Offbreak, ,David John Hussey,Right,Spin,Right
12572,NK Patel,Left hand Bat,,,Niraj Kanubhai Patel,Left,Unknown,Right
12338,SP Fleming,Left hand Bat, , ,Stephen Paul Fleming,Left,Unknown,Right
16455,TR Birt,Left hand Bat,Right arm Medium,Occasional Wicketkeeper,Travis Rodney Birt,Left,Pace,Right
16953,AA Kazi,Left hand Bat,Slow Left arm Orthodox, ,Abrar Anjum Kazi,Left,Spin,Left
14798,J Theron,Right hand Bat,Right arm Medium fast, ,Juan Theron,Right,Pace,Right
34126,SS Mundhe,Right hand Bat,Right arm Medium, ,Shrikant Shrihari Mundhe,Right,Pace,Right
15862,Sunny Singh,Right hand Bat,Right arm Medium fast, ,Sunny Singh,Right,Pace,Right
13301,R Bishnoi,Right hand Bat,Right arm Medium fast, ,Rajesh Bishnoi,Right,Pace,Right
13388,AS Raut,Right hand Bat,Legbreak Googly, ,Abhishek Santosh Raut,Right,Spin,Right
14765,R Sharma,Right hand Bat,Legbreak Googly, ,Rahul Sharma,Right,Spin,Right
15334,RS Sodhi,Right hand Bat,Right arm Medium, ,Reetinder Singh Sodhi,Right,Pace,Right
14648,MJ Lumb,Left hand Bat,Right arm Medium, ,Michael John Lumb,Left,Pace,Right
34959,LJ Wright,Right hand Bat,Right arm Medium, ,Luke James Wright,Right,Pace,Right
14476,R Sathish,Right hand Bat,Right arm Medium, ,Rajagopal Sathish,Right,Pace,Right
12372,Misbah-ul-Haq,Right hand Bat,Legbreak, ,Misbah-ul-Haq Khan Niazi,Right,Spin,Right
14464,OA Shah,Right hand Bat,Right arm Offbreak, ,Owais Alam Shah,Right,Spin,Right
13248,AM Salvi,Right hand Bat,Right arm Medium, ,Aavishkar Madhav Salvi,Right,Pace,Right
13016,A Nel,Right hand Bat,Right arm Fast medium, ,Andre Nel,Right,Pace,Right
16380,NL McCullum,Right hand Bat,Right arm Offbreak, ,Nathan Leslie McCullum,Right,Spin,Right
34811,N Saini,Right hand Bat, ,Wicketkeeper,Nitin Saini,Right,Unknown,Right
15261,AN Ahmed,Right hand Bat,Right arm Medium fast, ,Abu Nechim Ahmed,Right,Pace,Right
16743,I Malhotra,Right hand Bat,Right arm Medium fast, ,Ishan Malhotra,Right,Pace,Right
14757,MD Mishra,Right hand Bat,Right arm Offbreak, ,Mohnish Dinesh Mishra,Right,Spin,Right
34983,RJ Peterson,Left hand Bat,Slow Left arm Orthodox, ,Robin John Peterson,Left,Spin,Left
14463,CA Pujara,Right hand Bat,Legbreak, ,Cheteshwar Arvind Pujara,Right,Spin,Right
14489,A Uniyal,Left hand Bat,Left arm Medium, ,Amit Uniyal,Left,Pace,Left
13651,GR Napier,Right hand Bat,Right arm Medium, ,Graham Richard Napier,Right,Pace,Right
14136,J Botha,Right hand Bat,Right arm Offbreak, ,Johan Botha,Right,Spin,Right
13227,Kamran Khan,Left hand Bat,Left arm Medium fast, ,Kamran Khan,Left,Pace,Left
12454,U Kaul,Left hand Bat, ,Wicketkeeper,Uday Kaul,Left,Unknown,Right
8470,Dhruv Jurel,Right hand Bat, , ,Dhruv Chand Jurel,Right,Unknown,Right
8386,N Wadhera,Left hand Bat,Legbreak, ,Nehal Wadhera,Left,Spin,Right
8597,MW Short,Right hand Bat,Right arm Offbreak, ,Matthew William Short,Right,Spin,Right
8433,Abishek Porel,Left hand Bat, ,Wicketkeeper,Abishek Porel,Left,Unknown,Right
13620,S Tyagi,Right hand Bat,Right arm Medium, ,Sudeep Tyagi,Right,Pace,Right
16276,BJ Haddin,Right hand Bat, ,Wicketkeeper,Bradley James Haddin,Right,Unknown,Right
12518,CK Kapugedera,Right hand Bat,Right arm Medium,Occasional Wicketkeeper,Chamara Kantha Kapugedera,Right,Pace,Right
12471,S Anirudha,Right hand Bat, , ,Srikkanth Anirudha,Right,Unknown,Right
13384,RJ Quiney,Left hand Bat,Right arm Medium, ,Robert John Quiney,Left,Pace,Right
13260,YA Abdulla,Left hand Bat,Left arm Fast medium, ,Yusuf Adam Abdulla,Left,Pace,Left
12650,TM Dilshan,Right hand Bat,Right arm Offbreak,Wicketkeeper,Tillakaratne Mudiyanselage Dilshan,Right,Spin,Right
13551,MN van Wyk,Right hand Bat,Slow Left arm Orthodox,Wicketkeeper,Morne Nico van Wyk,Right,Spin,Left
14206,SS Shaikh,Right hand Bat,Right arm Medium, ,Shoaib Shabbir Shaikh,Right,Pace,Right
15878,AC Thomas,Right hand Bat,Right arm Fast medium, ,Alfonso Clive Thomas,Right,Pace,Right
15003,PD Collingwood,Right hand Bat,Right arm Medium, ,Paul David Collingwood,Right,Pace,Right
15239,AP Dole,Right hand Bat,Right arm Medium fast, ,Aditya Pradip Dole,Right,Pace,Right
14216,Jaskaran Singh,Right hand Bat,Right arm Medium, ,Jaskaran Singh Buttar,Right,Pace,Right
12850,H Das,Right hand Bat, ,Wicketkeeper,Halhadar Das,Right,Unknown,Right
33972,AA Chavan,Left hand Bat,Slow Left arm Orthodox, ,Ankeet Anil Chavan,Left,Spin,Left
13986,A Mithun,Right hand Bat,Right arm Medium, ,Abhimanyu Mithun,Right,Pace,Right
12339,S Vidyut,Left hand Bat,Slow Left arm Orthodox, ,Vidyut Sivaramakrishnan,Left,Spin,Left
15851,JEC Franklin,Left hand Bat,Left arm Medium, ,James Edward Charles Franklin,Left,Pace,Left
13508,AN Ghosh,Right hand Bat,Right arm Medium, ,Arindam Nanigopal Ghosh,Right,Pace,Right
12422,RR Raje,Right hand Bat,Right arm Fast medium, ,Rohan Ravindra Raje,Right,Pace,Right
14008,SS Sarkar,Right hand Bat,Right arm Medium, ,Sourav Subrata Sarkar,Right,Pace,Right
15896,RN ten Doeschate,Right hand Bat,Right arm Medium fast, ,Ryan Neil ten Doeschate,Right,Pace,Right
15140,DE Bollinger,Left hand Bat,Left arm Fast medium, ,Douglas Erwin Bollinger,Left,Pace,Left
14567,S Ladda,Right hand Bat,Legbreak, ,Sarabjit Ladda,Right,Spin,Right
16249,DH Yagnik,Left hand Bat, , ,Dishant Harendra Yagnik,Left,Unknown,Right
13245,DP Nannes,Right hand Bat,Left arm Fast, ,Dirk Peter Nannes,Right,Pace,Left
13810,A Singh,Right hand Bat,Right arm Medium fast, ,Amit Singh,Right,Pace,Right
34392,TP Sudhindra,Left hand Bat,Right arm Fast, ,Taduri Prakash Chandra Sudhindra,Left,Pace,Right
15779,S Randiv,Right hand Bat,Right arm Offbreak, ,Hewa Kaluhalamullage Suraj Randiv Kaluhalamulla,Right,Spin,Right
13383,PC Valthaty,Right hand Bat,Right arm Medium, ,Paul Chandrashekar Valthaty,Right,Pace,Right
34554,P Awana,Right hand Bat,Right arm Medium, ,Parvinder Awana,Right,Pace,Right
12710,Shoaib Akhtar,Right hand Bat,Right arm Fast, ,Shoaib Akhtar,Right,Pace,Right
34530,RR Bhatkal,Right hand Bat,Right arm Medium, ,Raju Ravi Bhatkal,Right,Pace,Right
34343,KK Cooper,Right hand Bat,Right arm Medium, ,Kevon Keston Cooper,Right,Pace,Right
12661,AD Mascarenhas,Right hand Bat,Right arm Fast medium, ,Adrian Dimitri Mascarenhas,Right,Pace,Right
14541,JM Kemp,Right hand Bat,Right arm Fast medium, ,Justin Miles Kemp,Right,Pace,Right
12362,LPC Silva,Right hand Bat,Legbreak, ,Lindamlilage Prageeth Chamara Silva,Right,Spin,Right
12580,SR Tendulkar,Right hand Bat,"Right arm Offbreak, Legbreak Googly", ,Sachin Ramesh Tendulkar,Right,Spin,Right
13785,RJ Harris,Right hand Bat,Right arm Fast, ,Ryan James Harris,Right,Pace,Right
15339,L Ablish,Right hand Bat,Right arm Medium fast, ,Love Ablish,Right,Pace,Right
15384,S Sriram,Left hand Bat,Slow Left arm Orthodox, ,Sridharan Sriram,Left,Spin,Left
14201,Mashrafe Mortaza,Right hand Bat,Right arm Fast medium, ,Mashrafe Bin Mortaza,Right,Pace,Right
14492,SW Tait,Right hand Bat,Right arm Fast, ,Shaun William Tait,Right,Pace,Right
6657,DP Conway,Left hand Bat,Right arm Medium,Occasional Wicketkeeper,Devon Philip Conway,Left,Pace,Right
13258,VS Malik,Right hand Bat,Right arm Medium, ,Vikramjeet Singh Malik,Right,Pace,Right
4339,N Jagadeesan,Right hand Bat, ,Wicketkeeper,Narayan Jagadeesan,Right,Unknown,Right
14279,Y Nagar,Right hand Bat,Right arm Offbreak, ,Yogesh Nagar,Right,Spin,Right
1314,IR Jaggi,Right hand Bat,Legbreak Googly, ,Ishank Rajiv Jaggi,Right,Spin,Right
44,Imran Tahir,Right hand Bat,Legbreak Googly, ,Mohammad Imran Tahir,Right,Spin,Right
900,PJ Sangwan,Right hand Bat,Left arm Medium, ,Pradeep Jaibeer Sangwan,Right,Pace,Left
11943,MEK Hussey,Left hand Bat,Right arm Medium, ,Michael Edward Killeen Hussey,Left,Pace,Right
11991,SM Pollock,Right hand Bat,Right arm Fast medium, ,Shaun Maclean Pollock,Right,Pace,Right
35966,MDKJ Perera,Left hand Bat, ,Wicketkeeper,Mathurage Don Kusal Janith Perera,Left,Unknown,Right
38647,JW Hastings,Right hand Bat,Right arm Fast medium, ,John Wayne Hastings,Right,Pace,Right
7546,Harshit Rana,Right hand Bat,Right arm Fast, ,Harshit Pradeep Rana,Right,Pace,Right
8098,A Tomar,Right hand Bat,Right arm Offbreak, ,Abhijeet Tomar,Right,Spin,Right
1327,CJ Jordan,Right hand Bat,Right arm Fast medium, ,Christopher James Jordan,Right,Pace,Right
2315,P Chopra,Right hand Bat,Legbreak Googly,Occasional Wicketkeeper,Prashant Chopra,Right,Spin,Right
11971,SK Warne,Right hand Bat,Legbreak Googly, ,Shane Keith Warne,Right,Spin,Right
16693,AC Blizzard,Left hand Bat,Left arm Medium, ,Aiden Craig Blizzard,Left,Pace,Left
36610,DJG Sammy,Right hand Bat,Right arm Medium, ,Daren Julius Garvey Sammy,Right,Pace,Right
49,KD Karthik,Right hand Bat,Right arm Offbreak,Wicketkeeper,Krishnakumar Dinesh Karthik,Right,Spin,Right
176,B Stanlake,Left hand Bat,Right arm Fast, ,Billy James Stanlake,Left,Pace,Right
11940,SB Joshi,Left hand Bat,Slow Left arm Orthodox, ,Sunil Bandacharya Joshi,Left,Spin,Left
12746,Younis Khan,Right hand Bat,"Right arm Medium, Legbreak", ,Mohammad Younis Khan,Right,Pace,Right
40242,P Sahu,Right hand Bat,Legbreak Googly, ,Pardeep Sahu,Right,Spin,Right
418,MM Patel,Right hand Bat,Right arm Medium fast, ,Munaf Musa Patel,Right,Pace,Right
12252,DB Das,Right hand Bat,Legbreak Googly, ,Debabrata Baidya Das,Right,Spin,Right
6287,RV Patel,Right hand Bat,Right arm Medium fast, ,Ripal Vinubhai Patel,Right,Pace,Right
12539,T Taibu,Right hand Bat,Right arm Medium,Wicketkeeper,Tatenda Taibu,Right,Pace,Right
34697,CJ McKay,Right hand Bat,Right arm Fast medium, ,Clinton James McKay,Right,Pace,Right
14360,RA Shaikh,Left hand Bat,Left arm Medium, ,Rahil Akhil Ahmed Shaikh,Left,Pace,Left
44056,MD Choudhary,Right hand Bat,,Wicketkeeper,Mukul Dalip Choudhary,Right,Unknown,Right
2024,L Ngidi,Right hand Bat,Right arm Fast medium, ,Lungisani True-man Ngidi,Right,Pace,Right
10109,MA Starc,Left hand Bat,Left arm Fast, ,Mitchell Aaron Starc,Left,Pace,Left
76,Sandeep Sharma,Right hand Bat,Right arm Medium, ,Sandeep Sharma,Right,Pace,Right
8748,Vijaykumar Vyshak,Right hand Bat,Right arm Medium, ,Vijaykumar Vyshak,Right,Pace,Right
6047,GHS Garton,Left hand Bat,Left arm Fast, ,George Henry Simmons Garton,Left,Pace,Left
54,DS Kulkarni,Right hand Bat,Right arm Medium, ,Dhawal Sunil Kulkarni,Right,Pace,Right
69,WP Saha,Right hand Bat, ,Wicketkeeper,Wriddhiman Prasanta Saha,Right,Unknown,Right
42,A Zampa,Right hand Bat,Legbreak Googly, ,Adam Zampa,Right,Spin,Right
40725,PSP Handscomb,Right hand Bat, ,Wicketkeeper,Peter Stephen Patrick Handscomb,Right,Unknown,Right
8295,RS Hangargekar,Right hand Bat,Right arm Fast medium, ,Rajvardhan S Hangargekar,Right,Pace,Right
67,HM Amla,Right hand Bat,"Right arm Medium, Right arm Offbreak", ,Hashim Mahomed Amla,Right,Pace,Right
11972,SK Trivedi,Right hand Bat,Right arm Medium, ,Siddharth Kishorkumar Trivedi,Right,Pace,Right
13595,TL Suman,Right hand Bat,Right arm Offbreak, ,Tirumalasetti Laxminarayana Suman,Right,Spin,Right
34774,A Ashish Reddy,Right hand Bat,Right arm Medium, ,Ammana Ashish Reddy,Right,Pace,Right
12238,B Chipli,Right hand Bat,Right arm Medium, ,Bharat Chipli,Right,Pace,Right
14653,S Narwal,Left hand Bat,Right arm Medium, ,Sumit Narwal,Left,Pace,Right
12204,SD Chitnis,Right hand Bat,Right arm Offbreak, ,Siddharth Dilip Chitnis,Right,Spin,Right
35864,Sunny Gupta,Right hand Bat,Right arm Offbreak, ,Sunny Gupta,Right,Spin,Right
31,TG Southee,Right hand Bat,Right arm Medium fast, ,Timothy Grant Southee,Right,Pace,Right
17,BCJ Cutting,Right hand Bat,Right arm Fast medium, ,Benjamin Colin James Cutting,Right,Pace,Right
38548,BE Hendricks,Left hand Bat,Left arm Fast medium, ,Beuran Eric Hendricks,Left,Pace,Left
13083,BAW Mendis,Right hand Bat,Right arm Offbreak, ,Balapuwaduge Ajantha Winslow Mendis,Right,Spin,Right
12327,SA Asnodkar,Right hand Bat,Right arm Offbreak, ,Swapnil Ashok Asnodkar,Right,Spin,Right
11970,D Salunkhe,Right hand Bat,Legbreak, ,Dinesh Salunkhe,Right,Spin,Right
11966,M Kaif,Right hand Bat,Right arm Offbreak, ,Mohammad Kaif,Right,Spin,Right
36536,IC Pandey,Right hand Bat,Right arm Medium, ,Ishwar Chand Pandey,Right,Pace,Right
14487,P Dogra,Right hand Bat,Legbreak, ,Paras Dogra,Right,Spin,Right
13692,LA Carseldine,Left hand Bat,Left arm Medium, ,Lee Andrew Carseldine,Left,Pace,Left
19,Bipul Sharma,Left hand Bat,Slow Left arm Orthodox, ,Bipul Sharma,Left,Spin,Left
4170,JR Philippe,Right hand Bat, ,Wicketkeeper,Joshua Ryan Philippe,Right,Unknown,Right
16199,TD Paine,Right hand Bat,Right arm Medium,Wicketkeeper,Timothy David Paine,Right,Pace,Right
11937,AA Noffke,Right hand Bat,Right arm Fast medium, ,Ashley Allan Noffke,Right,Pace,Right
12041,Kamran Akmal,Right hand Bat, ,Wicketkeeper,Kamran Akmal,Right,Unknown,Right
36311,BJ Rohrer,Left hand Bat, ,Occasional Wicketkeeper,Ben James Rohrer,Left,Unknown,Right
36555,CM Gautam,Right hand Bat, ,Wicketkeeper,Chidhambaram Muralidharen Gautam,Right,Unknown,Right
41020,F Behardien,Right hand Bat,Right arm Fast medium, ,Farhaan Behardien,Right,Pace,Right
37031,PV Tambe,Right hand Bat,Legbreak, ,Pravin Vijay Tambe,Right,Spin,Right
35892,MC Juneja,Right hand Bat,Right arm Offbreak, ,Manprit Charanjit Juneja,Right,Spin,Right
41286,ER Dwivedi,Right hand Bat, ,Wicketkeeper,Eklavya Rakesh Dwivedi,Right,Unknown,Right
35459,K Upadhyay,Right hand Bat,Right arm Medium, ,Krishnakant Upadhyay,Right,Pace,Right
37347,MG Neser,Right hand Bat,Right arm Medium fast, ,Michael Gertges Neser,Right,Pace,Right
40895,UT Khawaja,Left hand Bat,Right arm Medium, ,Usman Tariq Khawaja,Left,Pace,Right
40385,KJ Abbott,Right hand Bat,Right arm Fast medium, ,Kyle John Abbott,Right,Pace,Right
38924,DJ Muthuswami,Right hand Bat,Right arm Medium, ,Domnic Joseph Muthuswami,Right,Pace,Right
6360,Anmolpreet Singh,Right hand Bat,Right arm Offbreak, ,Anmolpreet Singh,Right,Spin,Right
3011,JP Behrendorff,Right hand Bat,Left arm Fast medium, ,Jason Paul Behrendorff,Right,Pace,Left
27,AT Rayudu,Right hand Bat,Right arm Offbreak,Occasional Wicketkeeper,Ambati Thirupathi Rayudu,Right,Spin,Right
1437,AD Russell,Right hand Bat,Right arm Fast, ,Andre Dwayne Russell,Right,Pace,Right
34601,V Pratap Singh,Right hand Bat,Right arm Medium, ,Veer Pratap Singh,Right,Pace,Right
1856,LE Plunkett,Right hand Bat,Right arm Fast, ,Liam Edward Plunkett,Right,Pace,Right
13563,RE van der Merwe,Right hand Bat,Slow Left arm Orthodox, ,Roelof Erasmus van der Merwe,Right,Spin,Left
58,RV Uthappa,Right hand Bat,Right arm Medium,Occasional Wicketkeeper,Robin Venu Uthappa,Right,Pace,Right
293,V Shankar,Right hand Bat,Right arm Medium, ,Vijay Shankar,Right,Pace,Right
37595,NJ Maddinson,Left hand Bat,Slow Left arm Orthodox, ,Nicolas James Maddinson,Left,Spin,Left
11934,CL White,Right hand Bat,Legbreak Googly, ,Cameron Leon White,Right,Spin,Right
11969,M Rawat,Right hand Bat, ,Wicketkeeper,Mahesh Rawat,Right,Unknown,Right
9181,Gurnoor Brar,Left hand Bat,Right arm Fast, ,Gurnoor Brar,Left,Pace,Right
46,BB McCullum,Right hand Bat,"Right arm Medium, Right arm Offbreak",Wicketkeeper,Brendon Barrie McCullum,Right,Pace,Right
13863,M Morkel,Left hand Bat,Right arm Fast, ,Morne Morkel,Left,Pace,Right
7902,KS Sharma,Right hand Bat,Right arm Offbreak, ,Karan Sunny Sharma,Right,Spin,Right
16648,P Parameswaran,Right hand Bat,Left arm Medium, ,Prasanth Parameswaran,Right,Pace,Left
33961,P Prasanth,Left hand Bat,Slow Left arm Orthodox, ,Padmanabhan Prasanth,Left,Spin,Left
5473,Lalit Yadav,Right hand Bat,Right arm Offbreak, ,Lalit Yadav,Right,Spin,Right
16,DJ Hooda,Right hand Bat,Right arm Offbreak, ,Deepak Jagbir Hooda,Right,Spin,Right
1990,IS Sodhi,Right hand Bat,Legbreak, ,Inderbir Singh Sodhi,Right,Spin,Right
494,BB Sran,Left hand Bat,Left arm Medium, ,Barinder Balbirsingh Sran,Left,Pace,Left
34382,DJ Harris,Right hand Bat,Right arm Medium, ,Daniel Joseph Harris,Right,Pace,Right
3518,Y Prithvi Raj,Left hand Bat,Left arm Medium, ,Prithvi Raj Yarra,Left,Pace,Left
1964,JP Duminy,Left hand Bat,Right arm Offbreak, ,Jean-Paul Duminy,Left,Spin,Right
15866,NJ Rimmington,Right hand Bat,Right arm Fast medium, ,Nathan John Rimmington,Right,Pace,Right
21,A Nehra,Right hand Bat,Left arm Medium fast, ,Ashish Nehra,Right,Pace,Left
15829,AUK Pathan,Right hand Bat,Right arm Medium, ,Asad Ullah Khan Pathan,Right,Pace,Right
5562,Jalaj S Saxena,Right hand Bat,"Right arm Offbreak, Legbreak Googly", ,Jalaj Sahai Saxena,Right,Spin,Right
183,CR Brathwaite,Right hand Bat,Right arm Fast medium, ,Carlos Ricardo Brathwaite,Right,Pace,Right
4406,AT Carey,Left hand Bat, ,Wicketkeeper,Alex Tyson Carey,Left,Unknown,Right
11967,DS Lehmann,Left hand Bat,Slow Left arm Orthodox, ,Darren Scott Lehmann,Left,Spin,Left
7134,SS Prabhudessai,Right hand Bat,Right arm Medium, ,Suyash S Prabhudessai,Right,Pace,Right
25,RG Sharma,Right hand Bat,Right arm Offbreak, ,Rohit Gurunath Sharma,Right,Spin,Right
181,RR Pant,Left hand Bat, ,Wicketkeeper,Rishabh Rajendra Pant,Left,Unknown,Right
3495,Harpreet Brar,Left hand Bat,Slow Left arm Orthodox, ,Harpreet Brar,Left,Spin,Left
3230,R Parag,Right hand Bat,Legbreak, ,Riyan Parag,Right,Spin,Right
10939,N Thushara,Right hand Bat,Right arm Medium fast,,Nuwan Thushara,Right,Pace,Right
11068,LB Williams,Left hand Bat,Right arm Medium fast,,Lizaad Buyron Williams,Left,Pace,Right
11376,Gulbadin Naib,Right hand Bat,Right arm Medium fast,,Gulbadin Naib,Right,Pace,Right
10690,Tanush Kotian,Right hand Bat,Right arm Offbreak,,Tanush Kotian,Right,Spin,Right
10078,SD Hope,Right hand Bat,,Wicketkeeper,Shai Diego Hope,Right,Unknown,Right
10160,L Wood,Left hand Bat,Left arm Fast medium,,Luke Wood,Left,Pace,Left
10168,G Coetzee,Right hand Bat,Right arm Fast,,Gerald Coetzee,Right,Pace,Right
10604,KA Maharaj,Right hand Bat,Slow Left arm Orthodox,,Keshav Athmanand Maharaj,Right,Spin,Left
10667,J Fraser-McGurk,Right hand Bat,Legbreak Googly,,Jake Fraser-McGurk,Right,Spin,Right
10710,S Joseph,Left hand Bat,Right arm Fast,,Shamar Joseph,Left,Pace,Right
11416,V Viyaskanth,Right hand Bat,Legbreak,,Vijayakanth Viyaskanth,Right,Spin,Right
11799,V Puthur,Right hand Bat,Left arm Wrist spin,,Vignesh Puthur,Right,Unknown,Left
8805,Arjun Tendulkar,Left hand Bat,Left arm Medium fast, ,Arjun Sachin Tendulkar,Left,Pace,Left
36966,P Suyal,Right hand Bat,Left arm Medium, ,Pawan Shakland Suyal,Right,Pace,Left
15108,MB Parmar,Right hand Bat,Right arm Offbreak, ,Mohnish Bipinbhai Parmar,Right,Spin,Right
35364,AP Majumdar,Right hand Bat,Legbreak Googly, ,Anustup Prabir Majumdar,Right,Spin,Right
33919,Anand Rajan,Right hand Bat,Right arm Medium, ,Anand Rajan,Right,Pace,Right
2824,GC Viljoen,Right hand Bat,Right arm Fast, ,GC Viljoen,Right,Pace,Right
8773,Atharva Taide,Left hand Bat,Slow Left arm Orthodox, ,Atharva Taide,Left,Spin,Left
12065,Shoaib Malik,Right hand Bat,Right arm Offbreak, ,Shoaib Malik,Right,Spin,Right
12070,Mohammad Asif,Left hand Bat,Right arm Fast medium, ,Mohammad Asif,Left,Pace,Right
23,PA Patel,Left hand Bat,Right arm Offbreak,Wicketkeeper,Parthiv Ajay Patel,Left,Spin,Right
38229,Shivam Sharma,Right hand Bat,Right arm Offbreak, ,Shivam Sharma,Right,Spin,Right
12669,LA Pomersbach,Left hand Bat,Right arm Offbreak, ,Luke Anthony Pomersbach,Left,Spin,Right
39089,RG More,Right hand Bat,Right arm Medium, ,Ronit Gajanan More,Right,Pace,Right
7652,Simarjeet Singh,Right hand Bat,Right arm Medium fast, ,Simarjeet Singh,Right,Pace,Right
2227,MM Ali,Left hand Bat,Right arm Offbreak, ,Moeen Munir Ali,Left,Spin,Right
12364,DB Ravi Teja,Right hand Bat,Legbreak Googly, ,Dwaraka Bhamidipati Ravi Teja,Right,Spin,Right
491,Mohammad Nabi,Right hand Bat,Right arm Offbreak, ,Mohammad Nabi,Right,Spin,Right
569,JP Faulkner,Right hand Bat,Left arm Fast medium, ,James Peter Faulkner,Right,Pace,Left
241,VR Aaron,Right hand Bat,Right arm Fast, ,Varun Raymond Aaron,Right,Pace,Right
15368,B Sumanth,Right hand Bat,Right arm Medium fast, ,Bodapati Apparao Sumanth,Right,Pace,Right
8005,PH Solanki,Right hand Bat,Legbreak, ,Prashant Hitesh Solanki,Right,Spin,Right
5686,KW Richardson,Right hand Bat,Right arm Fast medium, ,Kane William Richardson,Right,Pace,Right
35,MA Agarwal,Right hand Bat,Right arm Offbreak, ,Mayank Anurag Agarwal,Right,Spin,Right
9,TS Mills,Right hand Bat,Left arm Fast, ,Tymal Solomon Mills,Right,Pace,Left
9508,JE Root,Right hand Bat,"Right arm Offbreak, Legbreak", ,Joseph Edward Root,Right,Spin,Right
15846,DJ Jacobs,Right hand Bat,Right arm Medium,Wicketkeeper,David Johan Jacobs,Right,Pace,Right
36069,BMAJ Mendis,Left hand Bat,Legbreak, ,Balapuwaduge Manukulasuriya Amith Jeevan Mendis,Left,Spin,Right
41723,PWA Mulder,Right hand Bat,Right arm Medium,,Wiaan Mulder,Right,Pace,Right
41726,Zeeshan Ansari,Right hand Bat,Legbreak Googly,,Zeeshan Ansari,Right,Spin,Right
41851,PHKD Mendis,Left hand Bat,"Right arm Offbreak, Slow Left arm Orthodox",,Kamindu Mendis,Left,Spin,Left
42206,SK Rasheed,Right hand Bat,Legbreak,,Shaik Rasheed,Right,Spin,Right
42220,JP Inglis,Right hand Bat,,Wicketkeeper,Joshua Patrick Inglis,Right,Unknown,Right
43300,Karim Janat,Right hand Bat,Right arm Medium,,Karim Janat,Right,Pace,Right
43451,KS Rathore,Left hand Bat,,Wicketkeeper,Kunal Singh Rathore,Left,Unknown,Right
43574,M Tiwari,Right hand Bat,Right arm Medium fast,,Madhav Tiwari,Right,Pace,Right
43582,MJ Owen,Right hand Bat,,Right arm Medium,Mitchell J Owen,Right,Unknown,Right
43638,W O'Rourke,Right hand Bat,Right arm Fast,Right arm Fast,William Peter O'Rourke,Right,Pace,Right
43820,MP Breetzke,Right hand Bat,,Wicketkeeper,Matthew Paul Breetzke,Right,Unknown,Right
43849,Musheer Khan,Right hand Bat,Slow Left arm Orthodox,,Musheer Khan,Right,Spin,Left
43881,BKG Mendis,Right hand Bat,Legbreak,,Kusal Mendis,Right,Spin,Right
2700,SO Hetmyer,Left hand Bat, , ,Shimron Odilon Hetmyer,Left,Unknown,Right
42116,Himmat Singh,Right hand Bat,Right arm Offbreak,,Himmat Singh,Right,Spin,Right
360,SN Thakur,Right hand Bat,Right arm Medium, ,Shardul Narendra Thakur,Right,Pace,Right
41785,Ashwani Kumar,Left hand Bat,Left arm Medium,,Ashwani Kumar,Left,Pace,Left
11389,D Ferreira,Right hand Bat,Right arm Offbreak,Wicketkeeper,Donovan Ferreira,Right,Spin,Right
11843,V Nigam,Right hand Bat,Legbreak,,Vipraj Nigam,Right,Spin,Right
8809,Noor Ahmad,Right hand Bat,Left arm Wrist spin, ,Noor Ahmad Lakanwal,Right,Unknown,Left
11805,R Minz,Left hand Bat,,Slow Left arm Orthodox,Robin Minz,Left,Unknown,Right
11801,RD Rickelton,Left hand Bat,,Wicketkeeper,Ryan Rickelton,Left,Unknown,Right
41758,J Overton,Right hand Bat,Right arm Fast,,Jamie Overton,Right,Pace,Right
10163,Naman Dhir,Right hand Bat,Right arm Offbreak,,Naman Dhir,Right,Spin,Right
11847,Priyansh Arya,Left hand Bat,Right arm Offbreak,,Priyansh Arya,Left,Spin,Right
10382,SB Dubey,Left hand Bat,Right arm Offbreak,,Shubham Badriprasad Dubey,Left,Spin,Right
10630,WG Jacks,Right hand Bat,Right arm Offbreak,,William George Jacks,Right,Spin,Right
42226,XC Bartlett,Right hand Bat,Right arm Fast medium,,Xavier Colin Bartlett,Right,Pace,Right
6694,R Powell,Right hand Bat,Right arm Medium fast, ,Rovman Powell,Right,Pace,Right
61,SA Yadav,Right hand Bat,"Right arm Medium, Right arm Offbreak", ,Suryakumar Ashok Yadav,Right,Pace,Right
11854,Suryansh Shedge,Right hand Bat,Right arm Medium fast,,Suryansh Shedge,Right,Pace,Right
43253,C Bosch,Right hand Bat,Right arm Fast medium,,Corbin Bosch,Right,Pace,Right
43282,JG Bethell,Left hand Bat,Slow Left arm Orthodox,,Jacob Graham Bethell,Left,Spin,Left
42133,E Malinga,Left hand Bat,Right arm Fast medium,,Kiribathgala Kankanamalage Eshan Malinga Dharmasena,Left,Pace,Right
2662,KK Ahmed,Right hand Bat,Left arm Medium, ,Khaleel Khursheed Ahmed,Right,Pace,Left
5349,RM Patidar,Right hand Bat,Right arm Offbreak, ,Rajat Manohar Patidar,Right,Spin,Right
6310,TL Seifert,Right hand Bat, ,Wicketkeeper,Tim Louis Seifert,Right,Unknown,Right
43548,Urvil Patel,Right hand Bat,,Wicketkeeper,Urvil Mukesh Patel,Right,Unknown,Right
43954,Sediqullah Atal,Left hand Bat,,,Sediqullah Atal,Left,Unknown,Right
34356,DAJ Bracewell,Right hand Bat,Right arm Fast medium, ,Douglas Andrew John Bracewell,Right,Pace,Right
1970,AD Hales,Right hand Bat,Right arm Medium,Occasional Wicketkeeper,Alexander Daniel Hales,Right,Pace,Right
161,DT Christian,Right hand Bat,Right arm Fast medium, ,Daniel Trevor Christian,Right,Pace,Right
12414,YV Takawale,Right hand Bat, ,Wicketkeeper,Yogesh Vijay Takawale,Right,Unknown,Right
62,CR Woakes,Right hand Bat,Right arm Fast medium, ,Christopher Roger Woakes,Right,Pace,Right
13231,KP Pietersen,Right hand Bat,Right arm Offbreak, ,Kevin Peter Pietersen,Right,Spin,Right
11948,Joginder Sharma,Right hand Bat,Right arm Fast medium, ,Joginder Sharma,Right,Pace,Right
13220,T Henderson,Right hand Bat,Right arm Fast medium, ,Tyron Henderson,Right,Pace,Right
15837,UBT Chand,Right hand Bat,Right arm Offbreak, ,Unmukt Bharat Thakur Chand,Right,Spin,Right
12008,Y Venugopal Rao,Right hand Bat,Right arm Offbreak, ,Yalaka Venugopal Rao,Right,Spin,Right
471,NM Coulter-Nile,Right hand Bat,Right arm Fast, ,Nathan Mitchell Coulter-Nile,Right,Pace,Right
34706,T Mishra,Right hand Bat,Right arm Fast medium, ,Tanmay Mishra,Right,Pace,Right
14481,AG Murtaza,Left hand Bat,Slow Left arm Orthodox, ,Ali Ghulam Murtaza,Left,Spin,Left
3718,S Sandeep Warrier,Right hand Bat,Right arm Medium, ,Sankarankutty Sandeep Warrier,Right,Pace,Right
8626,WD Parnell,Left hand Bat,Left arm Medium fast, ,Wayne Dillon Parnell,Left,Pace,Left
546,Gurkeerat Singh,Right hand Bat,Right arm Offbreak, ,Gurkeerat Rupinder Singh,Right,Spin,Right
14961,KB Arun Karthik,Right hand Bat,Legbreak Googly,Occasional Wicketkeeper,Konda Bhaskir Arun Karthik,Right,Spin,Right
12046,Pankaj Singh,Right hand Bat,Right arm Medium fast, ,Pankaj Singh,Right,Pace,Right
245,AB de Villiers,Right hand Bat,Right arm Medium,Wicketkeeper,Abraham Benjamin de Villiers,Right,Pace,Right
4771,CJ Green,Right hand Bat,Right arm Offbreak, ,Christopher James Green,Right,Spin,Right
48,AJ Finch,Right hand Bat,Slow Left arm Orthodox, ,Aaron James Finch,Right,Spin,Left
9069,D Wiese,Right hand Bat,Right arm Medium fast, ,David Wiese,Right,Pace,Right
4023,JL Pattinson,Left hand Bat,Right arm Fast medium, ,James Lee Pattinson,Left,Pace,Right
11935,MV Boucher,Right hand Bat,Right arm Medium,Wicketkeeper,Mark Verdon Boucher,Right,Pace,Right
34171,RW Price,Right hand Bat,Slow Left arm Orthodox, ,Raymond William Price,Right,Spin,Left
13026,A Mukund,Left hand Bat,Legbreak Googly, ,Abhinav Mukund,Left,Spin,Right
6717,OF Smith,Right hand Bat,Right arm Fast medium, ,Odean Fabian Smith,Right,Pace,Right
767,Anureet Singh,Right hand Bat,Right arm Medium, ,Kathuria Anureet Singh,Right,Pace,Right
35146,BB Samantray,Right hand Bat,Right arm Medium, ,Biplab Bipin Samantray,Right,Pace,Right
39661,GS Sandhu,Left hand Bat,Right arm Fast medium, ,Gurinder Singh Sandhu,Left,Pace,Right
1452,B Laughlin,Right hand Bat,Right arm Fast medium, ,Ben Laughlin,Right,Pace,Right
14520,RS Gavaskar,Left hand Bat,Slow Left arm Orthodox, ,Rohan Sunil Gavaskar,Left,Spin,Left
10152,Azmatullah Omarzai,Right hand Bat,Right arm Medium fast,,Azmatullah Omarzai,Right,Pace,Right
11640,Shivam Singh,Right hand Bat,Right arm Offbreak,,Shivam Singh,Right,Spin,Right
10548,BR Sharath,Right hand Bat,,Wicketkeeper,Belur Ravi Sharath,Right,Unknown,Right
11562,T Kohler-Cadmore,Right hand Bat,Right arm Offbreak,Wicketkeeper,Tom Kohler-Cadmore,Right,Spin,Right
11810,PVSN Raju,Left hand Bat,Right arm Medium fast,,Penumatsa Venkata Satyanarayana Raju,Left,Pace,Right
42511,MS Bhandage,Left hand Bat,Right arm Medium fast,,Manoj Shivaramsa Bhandage,Left,Pace,Right
38,MS Dhoni,Right hand Bat,Right arm Medium,Wicketkeeper,Mahendra Singh Dhoni,Right,Pace,Right
38515,K Santokie,Left hand Bat,Left arm Medium, ,Krishmar Santokie,Left,Pace,Left
15049,C Ganapathy,Right hand Bat,Right arm Medium, ,Chandrasekar Ganapathy,Right,Pace,Right
6715,RA Bawa,Left hand Bat,Right arm Medium fast, ,Raj Angad Bawa,Left,Pace,Right
318,UT Yadav,Right hand Bat,Right arm Fast, ,Umeshkumar Tilak Yadav,Right,Pace,Right
16414,KMDN Kulasekara,Right hand Bat,Right arm Fast medium, ,Kulasekara Mudiyanselage Dinesh Nuwan Kulasekara,Right,Pace,Right
37,BA Stokes,Left hand Bat,Right arm Fast medium, ,Benjamin Andrew Stokes,Left,Pace,Right
1986,MK Lomror,Left hand Bat,Slow Left arm Orthodox, ,Mahipal Krishan Lomror,Left,Spin,Left
6212,T Shamsi,Right hand Bat,Left arm Wrist spin, ,Tabraiz Shamsi,Right,Unknown,Left
34817,Azhar Mahmood,Right hand Bat,Right arm Fast medium, ,Azhar Mahmood Sagar,Right,Pace,Right
11987,DJ Thornely,Right hand Bat,"Right arm Medium, Right arm Offbreak", ,Dominic John Thornely,Right,Pace,Right
11928,M Kartik,Left hand Bat,Slow Left arm Orthodox, ,Murali Kartik,Left,Spin,Left
297,Mustafizur Rahman,Left hand Bat,Left arm Fast medium, ,Mustafizur Rahman,Left,Pace,Left
8400,RJW Topley,Right hand Bat,Left arm Fast medium, ,Reece James William Topley,Right,Pace,Left
13458,KP Appanna,Right hand Bat,Slow Left arm Orthodox, ,Kotarangada Prabhu Appanna,Right,Spin,Left
6245,NT Ellis,Right hand Bat,Right arm Fast medium, ,Nathan Ellis,Right,Pace,Right
1416,R Ashwin,Right hand Bat,Right arm Offbreak, ,Ravichandran Ashwin,Right,Spin,Right
1443,DJM Short,Left hand Bat,Left arm Wrist spin, ,D'Arcy John Matthew Short,Left,Unknown,Left
811,IK Pathan,Left hand Bat,Left arm Medium fast, ,Irfan Khan Pathan,Left,Pace,Left
634,AD Nath,Right hand Bat,Right arm Medium fast, ,Akshdeep Deependra Nath,Right,Pace,Right
14485,AA Jhunjhunwala,Right hand Bat,Right arm Offbreak, ,Abhishek Arunkumar Jhunjhunwala,Right,Spin,Right
12221,TM Srivastava,Left hand Bat,Right arm Medium, ,Tanmay Manoj Srivastava,Left,Pace,Right
77,T Natarajan,Left hand Bat,Left arm Medium, ,Thangarasu Natarajan,Left,Pace,Left
5354,KA Jamieson,Right hand Bat,Right arm Fast medium, ,Kyle Alex Jamieson,Right,Pace,Right
10302,MP Yadav,Right hand Bat,Right arm Fast,,Mayank Yadav,Right,Pace,Right
42603,A Mhatre,Right hand Bat,Right arm Offbreak,,Ayush Mhatre,Right,Spin,Right
10456,Ashutosh Sharma,Right hand Bat,,,Ashutosh Sharma,Right,Unknown,Right
7947,T Stubbs,Right hand Bat,Right arm Offbreak,Wicketkeeper,Tristan Stubbs,Right,Spin,Right
10528,Kumar Kushagra,Right hand Bat,,Wicketkeeper,Kumar Kushagra,Right,Unknown,Right
180,SV Samson,Right hand Bat, ,Wicketkeeper,Sanju Viswanath Samson,Right,Unknown,Right
10303,M Siddharth,Right hand Bat,Slow Left arm Orthodox,,Manimaran Siddharth,Right,Spin,Left
2703,Navdeep Saini,Right hand Bat,Right arm Fast,,Navdeep Saini,Right,Pace,Right
4146,TU Deshpande,Left hand Bat,Right arm Medium, ,Tushar Uday Deshpande,Left,Pace,Right
11833,DS Rathi,Right hand Bat,Legbreak,,Digvesh Singh Rathi,Right,Spin,Right
3388,Arshdeep Singh,Left hand Bat,Left arm Medium fast, ,Arshdeep Singh,Left,Pace,Left
6036,Akash Singh,Right hand Bat,Left arm Medium fast, ,Akash Maharaj Singh,Right,Pace,Left
35030,R Shukla,Right hand Bat,Right arm Medium, ,Rahul Shukla,Right,Pace,Right
12160,A Kumble,Right hand Bat,Legbreak Googly, ,Anil Kumble,Right,Spin,Right
12035,S Sohal,Right hand Bat,Legbreak, ,Sunny Sohal,Right,Spin,Right
16007,JJ van der Wath,Right hand Bat,Right arm Medium fast, ,Johannes Jacobus van der Wath,Right,Pace,Right
13882,GJ Bailey,Right hand Bat,Right arm Medium, ,George John Bailey,Right,Pace,Right
2719,JM Bairstow,Right hand Bat,Right arm Medium,Wicketkeeper,Jonathan Marc Bairstow,Right,Pace,Right
258,CJ Anderson,Left hand Bat,Left arm Medium fast, ,Corey James Anderson,Left,Pace,Left
35239,BW Hilfenhaus,Right hand Bat,Right arm Fast medium, ,Benjamin William Hilfenhaus,Right,Pace,Right
5955,DJ Malan,Left hand Bat,Legbreak, ,Dawid Johannes Malan,Left,Spin,Right
12107,GC Smith,Left hand Bat,Right arm Offbreak, ,Graeme Craig Smith,Left,Spin,Right
16529,M Klinger,Right hand Bat, , ,Michael Klinger,Right,Unknown,Right
12193,DNT Zoysa,Left hand Bat,Left arm Fast medium, ,Demuni Nuwan Tharanga Zoysa,Left,Pace,Left
35322,PA Reddy,Right hand Bat,Legbreak, ,Produturi Akshath Reddy,Right,Spin,Right
13271,FH Edwards,Right hand Bat,Right arm Fast, ,Fidel Henderson Edwards,Right,Pace,Right
14353,Mohammad Ashraful,Right hand Bat,"Right arm Offbreak, Legbreak", ,Mohammad Ashraful,Right,Spin,Right
12315,Salman Butt,Left hand Bat,Right arm Offbreak, ,Salman Butt,Left,Spin,Right
9044,Abdul Basith,Right hand Bat,Right arm Offbreak, ,Pappanayil Abdul Basith,Right,Spin,Right
4274,JDS Neesham,Left hand Bat,Right arm Medium fast, ,James Douglas Sheahan Neesham,Left,Pace,Right
11942,ML Hayden,Left hand Bat,Right arm Medium, ,Matthew Lawrence Hayden,Left,Pace,Right
637,SS Agarwal,Right hand Bat,Legbreak Googly, ,Shubham Sanjay Agarwal,Right,Spin,Right
34931,A Chandila,Right hand Bat,Right arm Offbreak, ,Ajit  Chandila,Right,Spin,Right
697,DM Bravo,Left hand Bat,Right arm Medium,Occasional Wicketkeeper,Darren Michael Bravo,Left,Pace,Right
7077,HE van der Dussen,Right hand Bat,Legbreak, ,Hendrik Erasmus van der Dussen,Right,Spin,Right
2934,P Ray Barman,Right hand Bat,Legbreak Googly, ,Prayas Ray Barman,Right,Spin,Right
14729,AC Voges,Right hand Bat,Slow Left arm Orthodox, ,Adam Charles Voges,Right,Spin,Left
12523,L Balaji,Right hand Bat,Right arm Medium fast, ,Lakshmipathy Balaji,Right,Pace,Right
5980,PWH de Silva,Right hand Bat,Legbreak, ,Pinnaduwage Wanindu Hasaranga de Silva,Right,Spin,Right
11990,AM Nayar,Left hand Bat,Right arm Medium, ,Abhishek Mohan Nayar,Left,Pace,Right
14505,MS Bisla,Right hand Bat, ,Wicketkeeper,Manvinder Sultansingh Bisla,Right,Unknown,Right
12009,VVS Laxman,Right hand Bat,Right arm Offbreak, ,Vangipurappu Venkata Sai Laxman,Right,Spin,Right
6795,D Pretorius,Right hand Bat,Right arm Medium fast, ,Dwaine Pretorius,Right,Pace,Right
38322,VH Zol,Left hand Bat,Right arm Offbreak, ,Vijay Hari Zol,Left,Spin,Right
12093,VS Yeligati,Right hand Bat,Right arm Offbreak, ,Vikrant Shyam Yeligati,Right,Spin,Right
5408,JA Richardson,Right hand Bat,Right arm Fast, ,Jhye Avon Richardson,Right,Pace,Right
15507,AG Paunikar,Right hand Bat, ,Wicketkeeper,Amit Gajanan Paunikar,Right,Unknown,Right
11985,L Ronchi,Right hand Bat, ,Wicketkeeper,Luke Ronchi,Right,Unknown,Right
13402,RR Bose,Right hand Bat,Right arm Fast medium, ,Ranadeb Ranjit Bose,Right,Pace,Right
36213,R Rampaul,Left hand Bat,Right arm Fast medium, ,Ravindranath Rampaul,Left,Pace,Right
12535,A Chopra,Right hand Bat,"Right arm Medium, Right arm Offbreak", ,Aakash Chopra,Right,Pace,Right
11930,R Dravid,Right hand Bat,Right arm Offbreak,Occasional Wicketkeeper,Rahul Sharad Dravid,Right,Spin,Right
13973,C Nanda,Right hand Bat,Legbreak, ,Chetanya Nanda,Right,Spin,Right
7365,HR Shokeen,Right hand Bat,Right arm Offbreak, ,Hrithik Rakesh Shokeen,Right,Spin,Right
7172,Yash Dayal,Right hand Bat,Left arm Medium fast, ,Yash Dayal,Right,Pace,Left
38691,Karanveer Singh,Right hand Bat,Legbreak Googly, ,Karanveer Singh,Right,Spin,Right
15472,C Madan,Right hand Bat, ,Wicketkeeper,Chandan Madan,Right,Unknown,Right
16382,JE Taylor,Right hand Bat,Right arm Fast, ,Jerome Everton Taylor,Right,Pace,Right
11931,W Jaffer,Right hand Bat,Right arm Offbreak, ,Wasim Jaffer,Right,Spin,Right
14,MC Henriques,Right hand Bat,Right arm Fast medium, ,Moises Constantino Henriques,Right,Pace,Right
11936,B Akhil,Right hand Bat,Right arm Medium fast, ,Balachandra Akhil,Right,Pace,Right
11975,V Sehwag,Right hand Bat,Right arm Offbreak, ,Virender Sehwag,Right,Spin,Right
12017,PP Ojha,Left hand Bat,Slow Left arm Orthodox, ,Pragyan Prayash Ojha,Left,Spin,Left
8356,NA Saini,Right hand Bat,Right arm Fast, ,Navdeep Amarjeet Saini,Right,Pace,Right
12345,M Ntini,Right hand Bat,Right arm Fast, ,Makhaya Ntini,Right,Pace,Right
18,NV Ojha,Right hand Bat, ,Wicketkeeper,Naman Vinaykumar Ojha,Right,Unknown,Right
34272,RE Levi,Right hand Bat,Right arm Medium, ,Richard Ernst Levi,Right,Pace,Right
14478,R McLaren,Left hand Bat,Right arm Medium fast, ,Ryan McLaren,Left,Pace,Right
15745,ND Doshi,Right hand Bat,Slow Left arm Orthodox, ,Nayan Dilip Doshi,Right,Spin,Left
12795,RV Pawar,Left hand Bat,Slow Left arm Orthodox, ,Rajesh Vithal Pawar,Left,Spin,Left
8425,Yash Thakur,Right hand Bat,Right arm Fast medium, ,Yash Ravisingh Thakur,Right,Pace,Right
24,JC Buttler,Right hand Bat, ,Wicketkeeper,Joseph Charles Buttler,Right,Unknown,Right
1436,RK Singh,Left hand Bat,Right arm Offbreak, ,Rinku Khanchand Singh,Left,Spin,Right
4099,Abdul Samad,Right hand Bat,Legbreak, ,Abdul Samad Farooq,Right,Spin,Right
348,RA Jadeja,Left hand Bat,Slow Left arm Orthodox, ,Ravindrasinh Anirudhsinh Jadeja,Left,Spin,Left
7036,Ramandeep Singh,Right hand Bat,Right arm Medium, ,Ramandeep Singh,Right,Pace,Right
64,Kuldeep Yadav,Left hand Bat,Left arm Wrist spin, ,Kuldeep Yadav,Left,Unknown,Left
3284,LS Livingstone,Right hand Bat,"Right arm Offbreak, Legbreak", ,Liam Stephen Livingstone,Right,Spin,Right
33,JJ Bumrah,Right hand Bat,Right arm Fast, ,Jasprit Jasbirsingh Bumrah,Right,Pace,Right
4071,D Padikkal,Left hand Bat,Right arm Offbreak, ,Devdutt Padikkal,Left,Spin,Right
1421,Q de Kock,Left hand Bat, ,Wicketkeeper,Quinton de Kock,Left,Unknown,Right
2947,MJ Santner,Left hand Bat,Slow Left arm Orthodox, ,Mitchell Josef Santner,Left,Spin,Left
2760,Rasikh Salam,Right hand Bat,Right arm Medium, ,Rasikh Salam Dar,Right,Pace,Right
44064,P Nissanka,Right hand Bat,,,Pathum Nissanka Silva,Right,Unknown,Right
6999,B Sai Sudharsan,Left hand Bat,Legbreak, ,Bhardwaj Sai Sudharsan,Left,Spin,Right
34,AM Rahane,Right hand Bat,Right arm Medium, ,Ajinkya Madhukar Rahane,Right,Pace,Right
1120,MJ Henry,Right hand Bat,Right arm Fast medium, ,Matthew James Henry,Right,Pace,Right
66,TA Boult,Right hand Bat,Left arm Fast medium, ,Trent Alexander Boult,Right,Pace,Left
10,YS Chahal,Right hand Bat,Legbreak Googly, ,Yuzvendra Singh Chahal,Right,Spin,Right
13698,SM Harwood,Right hand Bat,Right arm Fast medium, ,Shane Michael Harwood,Right,Pace,Right
1,CH Gayle,Left hand Bat,Right arm Offbreak, ,Christopher Henry Gayle,Left,Spin,Right
11962,S Sreesanth,Right hand Bat,Right arm Fast medium, ,Shanthakumaran Sreesanth,Right,Pace,Right
15807,AL Menaria,Left hand Bat,Slow Left arm Orthodox, ,Ashok Lakshminarayan Menaria,Left,Spin,Left
2023,KM Asif,Right hand Bat,Right arm Medium, ,KM Asif,Right,Pace,Right
8953,Mayank Dagar,Right hand Bat,Slow Left arm Orthodox, ,Mayank J Dagar,Right,Spin,Left
267,F du Plessis,Right hand Bat,Legbreak, ,Francois du Plessis,Right,Spin,Right
13320,Yashpal Singh,Right hand Bat,Right arm Medium, ,Yashpal Singh,Right,Pace,Right
13228,JD Ryder,Left hand Bat,Right arm Medium, ,Jesse Daniel Ryder,Left,Pace,Right
2768,SM Curran,Left hand Bat,Left arm Medium fast, ,Samuel Matthew Curran,Left,Pace,Left
1630,M Vijay,Right hand Bat,Right arm Offbreak, ,Murali Vijay,Right,Spin,Right
36227,SMSM Senanayake,Right hand Bat,Right arm Offbreak, ,Senanayake Mudiyanselage Sachithra Madhushanka Senanayake,Right,Spin,Right
1398,C Munro,Left hand Bat,Right arm Medium fast, ,Colin Munro,Left,Pace,Right
12314,Gagandeep Singh,Right hand Bat,Right arm Medium fast, ,Gagandeep Singh,Right,Pace,Right
34058,S Rana,Right hand Bat,Right arm Medium fast, ,Sachin Rana,Right,Pace,Right
8,S Aravind,Left hand Bat,Left arm Medium fast, ,Sreenath Aravind,Left,Pace,Left
341,S Badree,Right hand Bat,Legbreak, ,Samuel Badree,Right,Spin,Right
14278,AB McDonald,Right hand Bat,Right arm Fast medium, ,Andrew Barry McDonald,Right,Pace,Right
4078,I Udana,Right hand Bat,Left arm Medium fast, ,Isuru Udana Tillakaratna,Right,Pace,Left
1998,M Ashwin,Right hand Bat,Legbreak Googly, ,Murugan Ashwin,Right,Spin,Right
13203,T Thushara,Left hand Bat,Left arm Fast medium, ,Magina Thilan Thushara Mirando,Left,Pace,Left
14649,DR Martyn,Right hand Bat,Right arm Medium, ,Damien Richard Martyn,Right,Pace,Right
11998,LRPL Taylor,Right hand Bat,Right arm Offbreak, ,Luteru Ross Poutoa Lote Taylor,Right,Spin,Right
12765,PM Sarvesh Kumar,Right hand Bat,Right arm Medium, ,PM Sarvesh Kumar,Right,Pace,Right
8312,Sikandar Raza,Right hand Bat,Right arm Offbreak, ,Sikandar Raza Butt,Right,Spin,Right
12842,Abdur Razzak,Left hand Bat,Slow Left arm Orthodox, ,Abdur Razzak,Left,Spin,Left
7005,DG Nalkande,Right hand Bat,Right arm Fast medium, ,Darshan Girish Nalkande,Right,Pace,Right
16296,J Syed Mohammad,Left hand Bat,Slow Left arm Orthodox, ,Jamaluddin Syed Mohammad,Left,Spin,Left
2745,KMA Paul,Right hand Bat,Right arm Fast medium, ,Keemo Mandela Angus Paul,Right,Pace,Right
14873,NLTC Perera,Left hand Bat,Right arm Medium fast, ,Narangoda Liyanaarachchilage Thisara Chirantha Perera,Left,Pace,Right
1471,TK Curran,Right hand Bat,Right arm Fast medium, ,Thomas Kevin Curran,Right,Pace,Right
14454,Anirudh Singh,Left hand Bat,Right arm Medium, ,Anirudh Singh,Left,Pace,Right
3793,J Suchith,Left hand Bat,Slow Left arm Orthodox, ,Jagadeesha Suchith,Left,Spin,Left
1581,Shivam Mavi,Right hand Bat,Right arm Fast medium, ,Shivam Pankaj Mavi,Right,Pace,Right
57,CA Lynn,Right hand Bat,Slow Left arm Orthodox, ,Christopher Austin Lynn,Right,Spin,Left
12369,DP Vijaykumar,Right hand Bat,Right arm Medium, ,David Paidikalva Vijaykumar,Right,Pace,Right
178,SW Billings,Right hand Bat, ,Wicketkeeper,Samuel William Billings,Right,Unknown,Right
33963,Y Gnaneswara Rao,Right hand Bat,Right arm Medium, ,Yalaka Gnaneswara Rao,Right,Pace,Right
3641,O Thomas,Left hand Bat,Right arm Fast, ,Oshane Romaine Thomas,Left,Pace,Right
7476,R Dhawan,Right hand Bat,Right arm Medium fast, ,Rishi Dhawan,Right,Pace,Right
15867,BA Bhatt,Left hand Bat,Slow Left arm Orthodox, ,Bhargav Ashok Bhatt,Left,Spin,Left
12269,CRD Fernando,Right hand Bat,Right arm Fast medium, ,Congenige Randhi Dilhara Fernando,Right,Pace,Right
16009,R Ninan,Right hand Bat,Right arm Offbreak, ,Ryan Ninan,Right,Spin,Right
11,A Choudhary,Right hand Bat,Left arm Medium, ,Aniket Vinod Choudhary,Right,Pace,Left
3100,AS Joseph,Right hand Bat,Right arm Fast, ,Alzarri Shaheim Joseph,Right,Pace,Right
14303,CK Langeveldt,Right hand Bat,Right arm Fast medium, ,Charl Kenneth Langeveldt,Right,Pace,Right
14707,AB Barath,Right hand Bat,Right arm Offbreak, ,Adrian Boris Barath,Right,Spin,Right
2138,DR Shorey,Right hand Bat,Right arm Offbreak, ,Dhruv Ranjan Shorey,Right,Spin,Right
753,SP Jackson,Right hand Bat, ,Wicketkeeper,Sheldon Philip Jackson,Right,Unknown,Right
2,Mandeep Singh,Right hand Bat,Right arm Medium, ,Mandeep Singh,Right,Pace,Right
11956,SM Katich,Left hand Bat,Left arm Wrist spin, ,Simon Mathew Katich,Left,Unknown,Left
12234,JA Morkel,Left hand Bat,Right arm Medium fast, ,Johannes Albertus Morkel,Left,Pace,Right
50,DR Smith,Right hand Bat,Right arm Medium, ,Dwayne Romel Smith,Right,Pace,Right
13,S Dhawan,Left hand Bat,Right arm Offbreak, ,Shikhar Dhawan,Left,Spin,Right
71,GJ Maxwell,Right hand Bat,Right arm Offbreak, ,Glenn James Maxwell,Right,Spin,Right
36973,UA Birla,Right hand Bat,Right arm Medium, ,Udit Alok Birla,Right,Pace,Right
316,C de Grandhomme,Right hand Bat,Right arm Medium fast, ,Colin de Grandhomme,Right,Pace,Right
8646,YV Dhull,Right hand Bat,Right arm Offbreak, ,Yash Vijay Dhull,Right,Spin,Right
34522,GB Hogg,Left hand Bat,Left arm Wrist spin, ,George Bradley Hogg,Left,Unknown,Left
8776,Harpreet Singh,Left hand Bat,Right arm Medium, ,Harpreet Singh Bhatia,Left,Pace,Right
12546,J Arunkumar,Right hand Bat,Right arm Offbreak, ,Jagadeesh Arunkumar,Right,Spin,Right
14712,SJ Srivastava,Right hand Bat,Left arm Fast medium, ,Shalabh Jagdishprasad Srivastava,Right,Pace,Left
8082,R Sanjay Yadav,Left hand Bat,Slow Left arm Orthodox, ,Ramsingh  Sanjay Yadav,Left,Spin,Left
15150,SB Wagh,Left hand Bat,Left arm Medium fast, ,Shrikant Bhaskar Wagh,Left,Pace,Left
228,Harbhajan Singh,Right hand Bat,Right arm Offbreak, ,Harbhajan Singh,Right,Spin,Right
1035,LMP Simmons,Right hand Bat,Right arm Medium fast,Occasional Wicketkeeper,Lendl Mark Platter Simmons,Right,Pace,Right
13502,Shoaib Ahmed,Right hand Bat,Right arm Fast medium, ,Syed Mohammad Shoaib Ahmed,Right,Pace,Right
13763,D du Preez,Right hand Bat,Right arm Fast medium, ,Dillon du Preez,Right,Pace,Right
3393,AJ Turner,Right hand Bat,Right arm Offbreak, ,Ashton James Turner,Right,Spin,Right
179,KK Nair,Right hand Bat,Right arm Offbreak, ,Karun Nair,Right,Spin,Right
184,PJ Cummins,Right hand Bat,Right arm Fast, ,Patrick James Cummins,Right,Pace,Right
5986,VR Iyer,Left hand Bat,Right arm Medium, ,Venkatesh Rajasekaran Iyer,Left,Pace,Right
538,Mohammed Siraj,Right hand Bat,Right arm Fast, ,Mohammed Siraj,Right,Pace,Right
6727,A Badoni,Right hand Bat,Right arm Offbreak, ,Ayush Badoni,Right,Spin,Right
2766,N Pooran,Left hand Bat,Right arm Offbreak,Wicketkeeper,Nicholas Pooran,Left,Spin,Right
9748,MD Shanaka,Right hand Bat,Right arm Medium, ,Madagamagamage Dasun Shanaka,Right,Pace,Right
6944,D Brevis,Right hand Bat,Legbreak, ,Dewald Brevis,Right,Spin,Right
15818,RV Gomez,Right hand Bat,Right arm Medium, ,Raiphi Vincent Gomez,Right,Pace,Right
12007,AC Gilchrist,Left hand Bat,Right arm Offbreak,Wicketkeeper,Adam Craig Gilchrist,Left,Spin,Right
1377,E Lewis,Left hand Bat, , ,Evin Lewis,Left,Unknown,Right
4058,SS Cottrell,Right hand Bat,Left arm Fast medium, ,Sheldon Shane Cottrell,Right,Pace,Left
37119,Parvez Rasool,Right hand Bat,Right arm Offbreak, ,Parvez Ghulam Rasool Zargar,Right,Spin,Right
1419,Mujeeb Ur Rahman,Right hand Bat,Right arm Offbreak, ,Mujeeb Ur Rahman,Right,Spin,Right
12010,A Symonds,Right hand Bat,"Right arm Medium, Right arm Offbreak", ,Andrew Symonds,Right,Pace,Right
13267,Harmeet Singh,Right hand Bat,Right arm Medium, ,Harmeet Singh Bansal,Right,Pace,Right
3246,JL Denly,Right hand Bat,Legbreak, ,Joseph Liam Denly,Right,Spin,Right
13250,RS Bopara,Right hand Bat,Right arm Medium, ,Ravinder Singh Bopara,Right,Pace,Right
1559,A Dananjaya,Left hand Bat,"Right arm Offbreak, Legbreak", ,Mahamarakkala Kurukulasooriya Patabendige Akila Dananjaya Perera,Left,Spin,Right
495,S Kaul,Right hand Bat,Right arm Medium, ,Siddarth Kaul,Right,Pace,Right
34089,KH Devdhar,Right hand Bat, ,Wicketkeeper,Kedar Hemant Devdhar,Right,Unknown,Right
34304,M de Lange,Right hand Bat,Right arm Fast, ,Marchant de Lange,Right,Pace,Right
11961,WA Mota,Right hand Bat,Right arm Medium, ,Wilkin Arvind Mota,Right,Pace,Right
51,MS Gony,Right hand Bat,Right arm Medium, ,Manpreet Singh Gony,Right,Pace,Right
36609,X Thalaivan Sargunam,Right hand Bat,Right arm Offbreak, ,Xavier Thalaivan Sargunam,Right,Spin,Right
13198,A Flintoff,Right hand Bat,Right arm Fast medium, ,Andrew Flintoff,Right,Pace,Right
3076,SC Kuggeleijn,Right hand Bat,Right arm Fast medium, ,Scott Christopher Kuggeleijn,Right,Pace,Right
219,AS Rajpoot,Right hand Bat,Right arm Medium, ,Ankit Singh Rajpoot,Right,Pace,Right
230,SL Malinga,Right hand Bat,Right arm Fast, ,Separamadu Lasith Malinga,Right,Pace,Right
75,MM Sharma,Right hand Bat,Right arm Medium, ,Mohit Mahipal Sharma,Right,Pace,Right
12014,SB Bangar,Right hand Bat,Right arm Medium fast, ,Sanjay Bapusaheb Bangar,Right,Pace,Right
12147,Sohail Tanvir,Left hand Bat,Left arm Medium fast, ,Sohail Tanvir,Left,Pace,Left
37979,BR Dunk,Left hand Bat,Right arm Offbreak,Wicketkeeper,Ben Robert Dunk,Left,Spin,Right
308,I Sharma,Right hand Bat,Right arm Fast medium, ,Ishant Sharma,Right,Pace,Right
9371,Akash Madhwal,Right hand Bat,Right arm Medium fast, ,Akash Madhwal,Right,Pace,Right
40813,SM Boland,Right hand Bat,Right arm Fast medium, ,Scott Michael Boland,Right,Pace,Right
9931,H Sharma,Right hand Bat,Legbreak, ,Himanshu Sharma,Right,Spin,Right
13497,AA Bilakhia,Right hand Bat,Right arm Medium, ,Azharuddin Anjum Bilakhia,Right,Pace,Right
35153,MJ Clarke,Right hand Bat,Slow Left arm Orthodox, ,Michael John Clarke,Right,Spin,Left
8372,HC Brook,Right hand Bat,Right arm Medium, ,Harry Cherrington Brook,Right,Pace,Right
11919,SC Ganguly,Left hand Bat,Right arm Medium, ,Sourav Chandidas Ganguly,Left,Pace,Right
4,KM Jadhav,Right hand Bat,Right arm Offbreak, ,Kedar Mahadav Jadhav,Right,Spin,Right
29,KA Pollard,Right hand Bat,Right arm Medium, ,Kieron Adrian Pollard,Right,Pace,Right
6713,PBB Rajapaksa,Left hand Bat,Right arm Medium, ,Pramod Bhanuka Bandara Rajapaksa,Left,Pace,Right
14622,SE Bond,Right hand Bat,Right arm Fast, ,Shane Edward Bond,Right,Pace,Right
2329,JPR Scantlebury-Searles,Right hand Bat,Right arm Fast medium, ,Javon Philip Ramon Scantlebury-Searles,Right,Pace,Right
172,P Negi,Left hand Bat,Slow Left arm Orthodox, ,Pawan Negi,Left,Spin,Left
12032,DPMD Jayawardene,Right hand Bat,Right arm Medium, ,Denagamage Proboth Mahela de Silva Jayawardene,Right,Pace,Right
604,MG Johnson,Left hand Bat,Left arm Fast, ,Mitchell Guy Johnson,Left,Pace,Left
12738,RR Powar,Right hand Bat,Right arm Offbreak, ,Ramesh Rajaram Powar,Right,Spin,Right
14726,FY Fazal,Left hand Bat,Right arm Medium, ,Faiz Yakub Fazal,Left,Pace,Right
11951,M Muralitharan,Right hand Bat,Right arm Offbreak, ,Muthiah Muralidaran,Right,Spin,Right
12465,DT Patil,Right hand Bat, ,Wicketkeeper,Devraj Thyagaraj Patil,Right,Unknown,Right
11953,JR Hopes,Right hand Bat,Right arm Medium, ,James Redfern Hopes,Right,Pace,Right
16862,CJ Ferguson,Right hand Bat,Right arm Medium, ,Callum James Ferguson,Right,Pace,Right
14985,KAJ Roach,Right hand Bat,Right arm Fast medium, ,Kemar Andre Jamal Roach,Right,Pace,Right
400,EJG Morgan,Left hand Bat,Right arm Medium,Occasional Wicketkeeper,Eoin Joseph Gerard Morgan,Left,Pace,Right
9225,AJ Hosein,Left hand Bat,Slow Left arm Orthodox, ,Akeal Jerome Hosein,Left,Spin,Left
3,TM Head,Left hand Bat,Right arm Offbreak,Wicketkeeper,Travis Michael Head,Left,Spin,Right
44025,Brijesh Sharma,Right hand Bat,Right arm Medium,,Brijesh Sharma,Right,Pace,Right
389,SS Iyer,Right hand Bat,"Right arm Offbreak, Legbreak Googly", ,Shreyas Santosh Iyer,Right,Spin,Right
6550,TH David,Right hand Bat,Right arm Offbreak, ,Timothy Hays David,Right,Spin,Right
4119,RD Gaikwad,Right hand Bat,Right arm Offbreak, ,Ruturaj Dashrat Gaikwad,Right,Spin,Right
43977,Abhinandan Singh,Right hand Bat,Right arm Medium fast,,Abhinandan Singh,Right,Pace,Right
8945,PD Salt,Right hand Bat,Right arm Offbreak,Wicketkeeper,Philip Dean Salt,Right,Spin,Right
3505,SE Rutherford,Left hand Bat,Right arm Fast medium, ,Sherfane Eviston Rutherford,Left,Pace,Right
7024,Shashank Singh,Right hand Bat,"Right arm Medium, Right arm Offbreak", ,Shashank Singh,Right,Pace,Right
6880,JM Sharma,Right hand Bat, ,Wicketkeeper,Jitesh Mohan Sharma,Right,Unknown,Right
5407,M Shahrukh Khan,Right hand Bat,Right arm Offbreak, ,Masood Shahrukh Khan,Right,Spin,Right
2349,Abhishek Sharma,Left hand Bat,Slow Left arm Orthodox, ,Abhishek Sharma,Left,Spin,Left
11781,Aniket Verma,Right hand Bat,Right arm Medium fast,,Aniket Verma,Right,Pace,Right
613,Washington Sundar,Left hand Bat,Right arm Offbreak, ,Washington Sundar,Left,Spin,Right
6885,VG Arora,Right hand Bat,Right arm Fast medium, ,Vaibhav Gopal Arora,Right,Pace,Right
1409,KL Rahul,Right hand Bat, ,Wicketkeeper,Kannaur Lokesh Rahul,Right,Unknown,Right
6033,GD Phillips,Right hand Bat,Right arm Offbreak,Wicketkeeper,Glenn Dominic Phillips,Right,Spin,Right
1386,M Markande,Right hand Bat,Legbreak, ,Mayank Markande,Right,Spin,Right
1580,Shubman Gill,Right hand Bat,Right arm Offbreak, ,Shubman Gill,Right,Spin,Right
438,JD Unadkat,Right hand Bat,Left arm Medium, ,Jaydev Dipakbhai Unadkat,Right,Pace,Left
4047,A Nortje,Right hand Bat,Right arm Fast, ,Anrich Arno Nortje,Right,Pace,Right
8383,C Green,Right hand Bat,Right arm Fast medium, ,Cameron Donald Green,Right,Pace,Right
43967,JA Duffy,Right hand Bat,Right arm Fast medium,,Jacob Andrew Duffy,Right,Pace,Right
44981,DV Malewar,Right hand Bat,Legbreak,,Danish Vishnu Malewar,Right,Spin,Right
44988,Krish Bhagat,Right hand Bat,Right arm Medium,,Krish Bhagat,Right,Pace,Right
2188,M Prasidh Krishna,Right hand Bat,Right arm Fast medium, ,Muralikrishna Prasidh Krishna,Right,Pace,Right
44713,Auqib Nabi,Right hand Bat,Right arm Medium,,Auqib Nabi,Right,Pace,Right
44781,LG Pretorius,Left hand Bat,,Wicketkeeper,Lhuan-dre Gilbert Pretorius,Left,Unknown,Right
43964,DA Payne,Right hand Bat,Left arm Fast medium,,David Alan Payne,Right,Pace,Left
43990,B Muzarabani,Right hand Bat,Right arm Fast medium,,Blessing Muzarabani,Right,Pace,Right
43981,FH Allen,Right hand Bat,,,Finnley Hugh Allen,Right,Unknown,Right
44082,Shivang Kumar,Right hand Bat,Left arm Wrist spin,,Shivang Kumar,Right,Unknown,Left
44845,Mayank Rawat,Right hand Bat,Right arm Offbreak,,Mayank Ram Rawat,Right,Spin,Right
44008,Kartik Sharma,Right hand Bat,,Wicketkeeper Batter,Kartik Sharma,Right,Unknown,Right
44703,Gurjapneet Singh,Right hand Bat,Left arm Medium fast,,Gurjapneet Singh,Right,Pace,Left
44724,GF Linde,Left hand Bat,Slow Left arm Orthodox,,George Fredrik Linde,Left,Spin,Left
44041,C Connolly,Left hand Bat,Slow Left arm Orthodox,,Cooper Patrick Leonard Connolly,Left,Spin,Left
44932,Yash Raj Punja,Right hand Bat,Legbreak Googly,,Yash Raj Punja,Right,Spin,Right
44105,PR Veer,Left hand Bat,Slow Left arm Orthodox,,Prashant Ramendra Veer,Left,Spin,Left
44001,AM Ghazanfar,Right hand Bat,"Right arm Offbreak, Legbreak",,AM Ghazanfar,Right,Spin,Right
44765,Sakib Hussain,Right hand Bat,Right arm Medium,,Sakib Hussain,Right,Pace,Right
9824,Nithish Kumar Reddy,Right hand Bat,Right arm Medium fast, ,Kaki Nitish Kumar Reddy,Right,Pace,Right
43960,S Arora,Right hand Bat,,Wicketkeeper,Salil Arora,Right,Unknown,Right
43649,Harsh Dubey,Left hand Bat,Slow Left arm Orthodox,,Harsh Surendra Dubey,Left,Spin,Left
44036,Ashok Sharma,Right hand Bat,Right arm Fast,,Ashok Sharma,Right,Pace,Right
44775,PP Hinge,Right hand Bat,Right arm Medium fast,,Praful Prakash Hinge,Right,Pace,Right
8475,Suyash Sharma,Right hand Bat,Legbreak Googly, ,Suyash Sharma,Right,Spin,Right
45004,D Madushanka,Right hand Bat,Right arm Medium fast,,K Dasun Madusanka,Right,Pace,Right
42566,V Suryavanshi,Left hand Bat,Slow Left arm Orthodox,,Vaibhav Suryavanshi,Left,Spin,Left
26,N Rana,Left hand Bat,"Right arm Medium, Right arm Offbreak, Legbreak", ,Nitish Rana,Left,Pace,Right
45986,SU Parakh,Left hand Bat,Legbreak,,Sahil Ulhas Parakh,Left,Spin,Right
